Sample,Time,SPN84,SPN190
1,0.1,0,0
2,0.2,1,1
3,0.3,1.12,30
4,0.4,2.5,150
5,0.5,73,1855
6,0.6,41,2581
7,0.7,49,1009
8,0.8,64,1946
9,0.9,57,428
10,1,28,2421
11,1.1,15,607
12,1.2,20,2718
13,1.3,6,293
14,1.4,25,2143
15,1.5,47,2069
16,1.6,39,1957
17,1.7,14,1249
18,1.8,95,805
19,1.9,95,623
20,2,78,1757
21,2.1,74,2167
22,2.2,51,2651
23,2.3,13,1090
24,2.4,75,1176
25,2.5,45,867
26,2.6,41,2178
27,2.7,78,281
28,2.8,48,2984
29,2.9,65,519
30,3,80,2748
31,3.1,94,885
32,3.2,39,518
33,3.3,49,1792
34,3.4,23,1995
35,3.5,76,2174
36,3.6,46,1015
37,3.7,82,2892
38,3.8,19,701
39,3.9,13,2132
40,4,75,1467
41,4.1,81,2575
42,4.2,16,1673
43,4.3,44,2956
44,4.4,89,1412
45,4.5,78,1453
46,4.6,91,2454
47,4.7,17,2163
48,4.8,24,2835
49,4.9,64,469
50,5,37,179
51,5.1,7,1385
52,5.2,51,753
53,5.3,66,2586
54,5.4,19,253
55,5.5,75,1730
56,5.6,76,766
57,5.7,31,2300
58,5.8,28,856
59,5.9,20,504
60,6,9,1041
61,6.1,78,1206
62,6.2,17,1564
63,6.3,22,2326
64,6.4,22,428
65,6.5,53,397
66,6.6,22,737
67,6.7,10,2821
68,6.8,5,554
69,6.9,19,1621
70,7,91,1912
71,7.1,58,2488
72,7.2,32,2948
73,7.3,20,1792
74,7.4,18,547
75,7.5,7,1084
76,7.6,71,1174
77,7.7,38,613
78,7.8,12,2515
79,7.9,82,1650
80,8,68,1110
81,8.1,79,1034
82,8.2,70,2888
83,8.3,74,538
84,8.4,10,1980
85,8.5,77,2962
86,8.6,86,1489
87,8.7,10,1500
88,8.8,45,2740
89,8.9,71,820
90,9,35,2810
91,9.1,57,1491
92,9.2,75,716
93,9.3,58,1348
94,9.4,97,218
95,9.5,15,2831
96,9.6,89,2553
97,9.7,48,402
98,9.8,87,2238
99,9.9,10,2951
100,10,39,315
101,10.1,9,1691
102,10.2,68,991
103,10.3,73,652
104,10.4,44,2634
105,10.5,47,1175
106,10.6,64,1583
107,10.7,26,1830
108,10.8,87,763
109,10.9,82,2396
110,11,76,2224
111,11.1,29,901
112,11.2,24,494
113,11.3,13,2622
114,11.4,47,890
115,11.5,64,616
116,11.6,81,1944
117,11.7,14,2248
118,11.8,90,2011
119,11.9,32,1041
120,12,52,1471
121,12.1,66,572
122,12.2,91,2878
123,12.3,28,2928
124,12.4,67,568
125,12.5,49,927
126,12.6,59,1119
127,12.7,59,157
128,12.8,29,2110
129,12.9,86,1467
130,13,59,531
131,13.1,77,1520
132,13.2,99,2716
133,13.3,94,1061
134,13.4,20,1053
135,13.5,62,2555
136,13.6,93,2585
137,13.7,86,1703
138,13.8,64,1754
139,13.9,7,975
140,14,70,2188
141,14.1,46,1607
142,14.2,32,2805
143,14.3,12,238
144,14.4,52,2415
145,14.5,71,1767
146,14.6,85,2489
147,14.7,36,2916
148,14.8,41,351
149,14.9,33,2181
150,15,21,1304
151,15.1,100,1159
152,15.2,99,923
153,15.3,15,964
154,15.4,34,219
155,15.5,14,388
156,15.6,39,703
157,15.7,92,934
158,15.8,92,2305
159,15.9,74,242
160,16,50,1685
161,16.1,84,1985
162,16.2,14,2235
163,16.3,73,1549
164,16.4,51,1326
165,16.5,26,1867
166,16.6,77,980
167,16.7,13,1706
168,16.8,78,2301
169,16.9,89,769
170,17,99,693
171,17.1,12,958
172,17.2,35,2252
173,17.3,6,1887
174,17.4,84,2449
175,17.5,34,1989
176,17.6,100,2647
177,17.7,72,2604
178,17.8,72,1304
179,17.9,75,2000
180,18,90,2273
181,18.1,40,2089
182,18.2,14,1864
183,18.3,69,193
184,18.4,70,798
185,18.5,100,285
186,18.6,18,2191
187,18.7,55,2150
188,18.8,83,1707
189,18.9,38,2700
190,19,80,1589
191,19.1,26,1211
192,19.2,94,517
193,19.3,47,2223
194,19.4,34,1206
195,19.5,74,1279
196,19.6,66,2602
197,19.7,44,2435
198,19.8,69,709
199,19.9,45,2645
200,20,46,704
201,20.1,65,453
202,20.2,69,2993
203,20.3,40,839
204,20.4,78,848
205,20.5,8,2583
206,20.6,24,1150
207,20.7,25,2076
208,20.8,94,2748
209,20.9,86,2391
210,21,51,1865
211,21.1,63,605
212,21.2,68,235
213,21.3,77,1180
214,21.4,75,1601
215,21.5,61,2122
216,21.6,90,2696
217,21.7,23,733
218,21.8,21,1377
219,21.9,58,837
220,22,58,2178
221,22.1,46,2788
222,22.2,37,1649
223,22.3,73,1996
224,22.4,64,1925
225,22.5,77,2176
226,22.6,48,934
227,22.7,69,1811
228,22.8,78,2551
229,22.9,67,1430
230,23,84,2673
231,23.1,52,1410
232,23.2,95,418
233,23.3,36,2003
234,23.4,14,2071
235,23.5,97,2264
236,23.6,97,1845
237,23.7,81,2874
238,23.8,41,2981
239,23.9,71,528
240,24,11,1036
241,24.1,40,2382
242,24.2,26,1847
243,24.3,48,178
244,24.4,6,987
245,24.5,35,2396
246,24.6,80,349
247,24.7,82,1787
248,24.8,68,2339
249,24.9,93,2631
250,25,63,1339
251,25.1,35,2691
252,25.2,25,1883
253,25.3,54,944
254,25.4,88,1890
255,25.5,10,1161
256,25.6,5,1055
257,25.7,47,1663
258,25.8,84,1129
259,25.9,48,2123
260,26,33,1418
261,26.1,72,1845
262,26.2,22,1262
263,26.3,17,2904
264,26.4,69,2561
265,26.5,46,2514
266,26.6,32,951
267,26.7,89,783
268,26.8,39,1610
269,26.9,17,431
270,27,54,1173
271,27.1,12,792
272,27.2,90,710
273,27.3,93,259
274,27.4,77,1598
275,27.5,74,2132
276,27.6,64,2545
277,27.7,20,703
278,27.8,34,414
279,27.9,86,2050
280,28,10,2028
281,28.1,68,2349
282,28.2,42,1936
283,28.3,50,2212
284,28.4,61,1334
285,28.5,18,2903
286,28.6,21,1778
287,28.7,75,2033
288,28.8,82,2244
289,28.9,27,1516
290,29,78,1390
291,29.1,6,2256
292,29.2,92,1771
293,29.3,30,2430
294,29.4,43,892
295,29.5,40,2625
296,29.6,38,2159
297,29.7,69,2150
298,29.8,11,2840
299,29.9,95,2154
300,30,91,2676
301,30.1,28,2950
302,30.2,13,784
303,30.3,69,1647
304,30.4,59,2322
305,30.5,8,1692
306,30.6,51,1516
307,30.7,19,2568
308,30.8,19,567
309,30.9,66,845
310,31,6,252
311,31.1,36,1246
312,31.2,21,1250
313,31.3,61,1798
314,31.4,15,1199
315,31.5,19,433
316,31.6,32,992
317,31.7,98,1661
318,31.8,46,2369
319,31.9,41,1113
320,32,86,2888
321,32.1,79,2409
322,32.2,29,1396
323,32.3,81,1886
324,32.4,95,2978
325,32.5,14,2592
326,32.6,81,1606
327,32.7,69,1420
328,32.8,17,222
329,32.9,14,2047
330,33,91,2823
331,33.1,88,2054
332,33.2,24,2502
333,33.3,88,1828
334,33.4,28,1072
335,33.5,39,2063
336,33.6,96,882
337,33.7,47,1347
338,33.8,28,1127
339,33.9,53,491
340,34,47,1370
341,34.1,57,817
342,34.2,7,1531
343,34.3,60,784
344,34.4,7,983
345,34.5,7,1687
346,34.6,97,2268
347,34.7,99,1307
348,34.8,61,1709
349,34.9,59,714
350,35,75,306
351,35.1,75,1839
352,35.2,13,2315
353,35.3,76,652
354,35.4,16,1554
355,35.5,46,1798
356,35.6,6,2592
357,35.7,46,2983
358,35.8,82,1293
359,35.9,5,2325
360,36,24,1321
361,36.1,38,2972
362,36.2,59,1436
363,36.3,95,1795
364,36.4,58,1950
365,36.5,57,908
366,36.6,88,1387
367,36.7,71,2771
368,36.8,62,1057
369,36.9,73,1118
370,37,14,803
371,37.1,37,1705
372,37.2,51,2669
373,37.3,41,1781
374,37.4,40,1184
375,37.5,40,618
376,37.6,34,708
377,37.7,24,820
378,37.8,29,2444
379,37.9,20,2305
380,38,59,348
381,38.1,87,1312
382,38.2,86,1442
383,38.3,28,2638
384,38.4,80,1276
385,38.5,39,1910
386,38.6,61,2949
387,38.7,85,1089
388,38.8,59,1256
389,38.9,42,1667
390,39,43,1219
391,39.1,37,2717
392,39.2,9,1340
393,39.3,79,1992
394,39.4,76,1425
395,39.5,83,2630
396,39.6,72,2395
397,39.7,5,1726
398,39.8,99,1925
399,39.9,22,1222
400,40,81,967
401,40.1,9,1691
402,40.2,89,1641
403,40.3,93,2411
404,40.4,24,594
405,40.5,96,1629
406,40.6,35,1344
407,40.7,9,284
408,40.8,90,505
409,40.9,72,1819
410,41,13,2715
411,41.1,92,1891
412,41.2,23,907
413,41.3,47,592
414,41.4,42,1674
415,41.5,99,2292
416,41.6,43,2558
417,41.7,33,624
418,41.8,32,2888
419,41.9,70,2296
420,42,82,2943
421,42.1,97,329
422,42.2,69,2113
423,42.3,87,489
424,42.4,91,1847
425,42.5,41,2166
426,42.6,27,562
427,42.7,65,1964
428,42.8,100,338
429,42.9,12,2311
430,43,65,1475
431,43.1,47,1972
432,43.2,74,1233
433,43.3,47,439
434,43.4,45,2250
435,43.5,89,2628
436,43.6,80,1015
437,43.7,42,2979
438,43.8,37,1235
439,43.9,47,2665
440,44,68,1530
441,44.1,84,2065
442,44.2,43,2342
443,44.3,50,1584
444,44.4,81,2777
445,44.5,53,1432
446,44.6,52,350
447,44.7,31,905
448,44.8,89,2892
449,44.9,50,1332
450,45,31,1543
451,45.1,95,2625
452,45.2,91,2240
453,45.3,7,473
454,45.4,15,802
455,45.5,66,2841
456,45.6,99,409
457,45.7,53,1029
458,45.8,90,327
459,45.9,77,2664
460,46,75,2730
461,46.1,11,2671
462,46.2,66,1596
463,46.3,18,555
464,46.4,14,2175
465,46.5,74,2414
466,46.6,57,2244
467,46.7,23,2297
468,46.8,92,892
469,46.9,57,1969
470,47,84,2889
471,47.1,49,1935
472,47.2,11,716
473,47.3,8,1293
474,47.4,56,1258
475,47.5,43,2751
476,47.6,19,2333
477,47.7,45,1369
478,47.8,29,1547
479,47.9,94,2118
480,48,41,1115
481,48.1,69,1124
482,48.2,24,2011
483,48.3,45,216
484,48.4,62,713
485,48.5,35,2747
486,48.6,94,2801
487,48.7,7,2158
488,48.8,89,2793
489,48.9,67,669
490,49,64,2060
491,49.1,58,2469
492,49.2,16,2847
493,49.3,49,695
494,49.4,91,2274
495,49.5,86,1825
496,49.6,92,2225
497,49.7,62,2106
498,49.8,59,2368
499,49.9,71,361
500,50,28,2611
501,50.1,36,2520
502,50.2,79,1336
503,50.3,14,745
504,50.4,57,2587
505,50.5,74,2093
506,50.6,86,246
507,50.7,83,2432
508,50.8,50,390
509,50.9,49,2002
510,51,94,2787
511,51.1,57,1632
512,51.2,64,2459
513,51.3,48,2464
514,51.4,14,1649
515,51.5,12,999
516,51.6,20,2958
517,51.7,65,361
518,51.8,26,1614
519,51.9,72,2503
520,52,97,258
521,52.1,69,2945
522,52.2,83,1797
523,52.3,46,2134
524,52.4,54,2376
525,52.5,83,2452
526,52.6,100,2333
527,52.7,8,768
528,52.8,32,2345
529,52.9,30,982
530,53,36,1595
531,53.1,28,1732
532,53.2,50,2917
533,53.3,25,1438
534,53.4,8,819
535,53.5,24,1505
536,53.6,71,1104
537,53.7,19,2455
538,53.8,5,2770
539,53.9,28,802
540,54,25,2690
541,54.1,13,791
542,54.2,77,560
543,54.3,89,2939
544,54.4,88,255
545,54.5,6,2723
546,54.6,54,2944
547,54.7,40,1000
548,54.8,10,559
549,54.9,9,893
550,55,61,2839
551,55.1,75,2732
552,55.2,6,2231
553,55.3,93,422
554,55.4,87,1817
555,55.5,49,2746
556,55.6,70,204
557,55.7,17,757
558,55.8,47,1846
559,55.9,91,1282
560,56,28,884
561,56.1,97,2872
562,56.2,91,576
563,56.3,22,647
564,56.4,26,742
565,56.5,68,1606
566,56.6,68,1676
567,56.7,56,2542
568,56.8,62,2808
569,56.9,83,1638
570,57,34,1956
571,57.1,12,986
572,57.2,72,1560
573,57.3,34,1838
574,57.4,60,842
575,57.5,83,1339
576,57.6,22,1343
577,57.7,19,1339
578,57.8,79,1746
579,57.9,27,1849
580,58,18,930
581,58.1,21,2512
582,58.2,70,2583
583,58.3,94,2455
584,58.4,17,2668
585,58.5,42,641
586,58.6,100,2888
587,58.7,84,1534
588,58.8,54,775
589,58.9,30,1054
590,59,91,2728
591,59.1,56,861
592,59.2,86,1666
593,59.3,85,1938
594,59.4,57,224
595,59.5,40,951
596,59.6,13,1819
597,59.7,84,1839
598,59.8,65,318
599,59.9,25,233
600,60,85,1198
601,60.1,40,851
602,60.2,91,1055
603,60.3,46,2246
604,60.4,48,350
605,60.5,95,374
606,60.6,17,1666
607,60.7,36,1710
608,60.8,98,2982
609,60.9,47,333
610,61,90,2177
611,61.1,12,760
612,61.2,78,291
613,61.3,52,1946
614,61.4,58,163
615,61.5,85,2329
616,61.6,100,993
617,61.7,33,1701
618,61.8,43,1860
619,61.9,40,2087
620,62,67,1873
621,62.1,17,707
622,62.2,89,2332
623,62.3,44,150
624,62.4,51,2998
625,62.5,42,450
626,62.6,11,2108
627,62.7,18,1006
628,62.8,26,2133
629,62.9,91,2724
630,63,77,2513
631,63.1,64,659
632,63.2,62,1119
633,63.3,39,492
634,63.4,32,377
635,63.5,27,891
636,63.6,12,517
637,63.7,43,2984
638,63.8,7,1982
639,63.9,11,1967
640,64,65,435
641,64.1,81,526
642,64.2,72,953
643,64.3,90,244
644,64.4,93,1225
645,64.5,9,1242
646,64.6,32,2862
647,64.7,85,1165
648,64.8,19,2105
649,64.9,26,1037
650,65,35,1804
651,65.1,61,1610
652,65.2,74,1164
653,65.3,28,1714
654,65.4,69,436
655,65.5,62,2829
656,65.6,84,1416
657,65.7,36,1179
658,65.8,56,2730
659,65.9,31,1836
660,66,5,1826
661,66.1,19,160
662,66.2,84,1741
663,66.3,22,2553
664,66.4,72,2816
665,66.5,70,1729
666,66.6,10,1127
667,66.7,92,953
668,66.8,67,2749
669,66.9,57,2013
670,67,90,1758
671,67.1,24,2110
672,67.2,20,1133
673,67.3,11,2813
674,67.4,42,858
675,67.5,12,1892
676,67.6,92,2381
677,67.7,81,2002
678,67.8,81,2930
679,67.9,93,1727
680,68,23,253
681,68.1,83,1794
682,68.2,55,372
683,68.3,38,2153
684,68.4,74,2559
685,68.5,77,2006
686,68.6,14,379
687,68.7,71,2910
688,68.8,23,1458
689,68.9,33,952
690,69,69,2515
691,69.1,29,1149
692,69.2,21,295
693,69.3,83,2934
694,69.4,92,2947
695,69.5,36,1500
696,69.6,36,187
697,69.7,30,785
698,69.8,41,1406
699,69.9,58,2760
700,70,53,1237
701,70.1,70,2008
702,70.2,61,1609
703,70.3,63,986
704,70.4,86,392
705,70.5,88,2350
706,70.6,39,151
707,70.7,17,235
708,70.8,46,401
709,70.9,89,2016
710,71,12,660
711,71.1,22,771
712,71.2,28,330
713,71.3,15,1877
714,71.4,48,255
715,71.5,23,1742
716,71.6,33,2303
717,71.7,70,811
718,71.8,60,2119
719,71.9,7,410
720,72,31,2051
721,72.1,31,2508
722,72.2,86,2270
723,72.3,12,875
724,72.4,31,1915
725,72.5,24,2330
726,72.6,63,1892
727,72.7,35,255
728,72.8,41,1175
729,72.9,34,1667
730,73,33,2684
731,73.1,14,2466
732,73.2,97,853
733,73.3,58,2086
734,73.4,56,899
735,73.5,92,2802
736,73.6,84,709
737,73.7,48,2091
738,73.8,96,778
739,73.9,93,1903
740,74,20,2490
741,74.1,92,2278
742,74.2,33,789
743,74.3,81,948
744,74.4,40,2941
745,74.5,10,1126
746,74.6,77,2365
747,74.7,70,2891
748,74.8,93,2485
749,74.9,13,874
750,75,50,1743
751,75.1,80,380
752,75.2,91,2232
753,75.3,87,1213
754,75.4,15,861
755,75.5,29,2503
756,75.6,69,248
757,75.7,85,290
758,75.8,82,605
759,75.9,65,2943
760,76,50,2145
761,76.1,15,873
762,76.2,89,870
763,76.3,90,2019
764,76.4,49,1815
765,76.5,70,1083
766,76.6,17,2903
767,76.7,17,1990
768,76.8,72,1103
769,76.9,76,2056
770,77,50,2683
771,77.1,13,387
772,77.2,70,2948
773,77.3,44,1859
774,77.4,30,1748
775,77.5,62,2372
776,77.6,19,300
777,77.7,24,1100
778,77.8,57,2666
779,77.9,78,1160
780,78,61,1281
781,78.1,44,515
782,78.2,36,2453
783,78.3,100,2974
784,78.4,31,1362
785,78.5,85,1675
786,78.6,52,2361
787,78.7,87,2979
788,78.8,92,1905
789,78.9,71,1135
790,79,93,1249
791,79.1,48,479
792,79.2,47,2428
793,79.3,57,2815
794,79.4,16,2235
795,79.5,58,540
796,79.6,92,1288
797,79.7,80,585
798,79.8,85,738
799,79.9,44,1639
800,80,41,2929
801,80.1,13,2769
802,80.2,99,773
803,80.3,77,2958
804,80.4,62,2104
805,80.5,66,2820
806,80.6,87,2041
807,80.7,12,1738
808,80.8,55,1788
809,80.9,20,2035
810,81,57,1130
811,81.1,58,1638
812,81.2,40,2807
813,81.3,43,2408
814,81.4,38,152
815,81.5,26,1852
816,81.6,33,2302
817,81.7,57,2712
818,81.8,94,1724
819,81.9,28,405
820,82,25,1129
821,82.1,80,1324
822,82.2,79,1844
823,82.3,87,527
824,82.4,93,2311
825,82.5,40,838
826,82.6,16,765
827,82.7,76,1374
828,82.8,39,1762
829,82.9,73,548
830,83,16,427
831,83.1,67,1486
832,83.2,37,1013
833,83.3,80,2597
834,83.4,5,809
835,83.5,18,1762
836,83.6,14,1066
837,83.7,26,1713
838,83.8,8,870
839,83.9,53,2794
840,84,34,928
841,84.1,11,2010
842,84.2,57,2317
843,84.3,74,1881
844,84.4,62,797
845,84.5,86,193
846,84.6,33,2945
847,84.7,24,1417
848,84.8,88,210
849,84.9,80,2844
850,85,85,2480
851,85.1,24,581
852,85.2,51,2277
853,85.3,18,621
854,85.4,60,2221
855,85.5,37,2656
856,85.6,55,2010
857,85.7,72,1659
858,85.8,69,1116
859,85.9,70,2592
860,86,86,1081
861,86.1,72,702
862,86.2,52,844
863,86.3,20,1677
864,86.4,52,1028
865,86.5,30,907
866,86.6,6,1953
867,86.7,27,1794
868,86.8,21,2018
869,86.9,94,296
870,87,5,503
871,87.1,66,2908
872,87.2,60,527
873,87.3,47,2424
874,87.4,11,1539
875,87.5,65,947
876,87.6,5,2568
877,87.7,20,1225
878,87.8,78,1631
879,87.9,56,1974
880,88,67,1144
881,88.1,87,1749
882,88.2,41,2273
883,88.3,43,2960
884,88.4,24,1186
885,88.5,58,2708
886,88.6,37,324
887,88.7,26,776
888,88.8,44,1320
889,88.9,100,1665
890,89,13,1552
891,89.1,99,1868
892,89.2,53,2832
893,89.3,29,683
894,89.4,87,1244
895,89.5,16,380
896,89.6,78,2952
897,89.7,80,1224
898,89.8,95,2894
899,89.9,96,2551
900,90,68,161
901,90.1,83,1009
902,90.2,9,2749
903,90.3,99,2146
904,90.4,49,629
905,90.5,100,2974
906,90.6,28,1946
907,90.7,74,932
908,90.8,39,381
909,90.9,82,2908
910,91,71,2560
911,91.1,8,2235
912,91.2,71,1877
913,91.3,70,1397
914,91.4,93,1900
915,91.5,35,2238
916,91.6,25,1628
917,91.7,100,2507
918,91.8,28,491
919,91.9,44,737
920,92,16,1988
921,92.1,12,1074
922,92.2,65,2791
923,92.3,51,1979
924,92.4,91,2063
925,92.5,16,771
926,92.6,84,1437
927,92.7,98,2109
928,92.8,55,1983
929,92.9,10,1433
930,93,64,769
931,93.1,35,2289
932,93.2,60,1531
933,93.3,18,1553
934,93.4,52,156
935,93.5,88,1520
936,93.6,82,390
937,93.7,16,2672
938,93.8,95,2653
939,93.9,18,734
940,94,59,2409
941,94.1,41,258
942,94.2,42,1834
943,94.3,92,427
944,94.4,77,1298
945,94.5,40,1057
946,94.6,8,949
947,94.7,80,1054
948,94.8,21,1503
949,94.9,89,2186
950,95,18,2716
951,95.1,5,1237
952,95.2,52,2040
953,95.3,84,656
954,95.4,41,1040
955,95.5,73,1167
956,95.6,57,1821
957,95.7,40,502
958,95.8,30,1920
959,95.9,53,964
960,96,63,2266
961,96.1,17,2713
962,96.2,53,2371
963,96.3,93,695
964,96.4,21,788
965,96.5,8,2007
966,96.6,94,760
967,96.7,67,338
968,96.8,38,2952
969,96.9,27,954
970,97,68,1240
971,97.1,47,2841
972,97.2,98,1657
973,97.3,24,2742
974,97.4,25,299
975,97.5,93,2214
976,97.6,73,1199
977,97.7,12,2534
978,97.8,25,1443
979,97.9,65,2027
980,98,70,2913
981,98.1,12,1740
982,98.2,60,2724
983,98.3,7,2545
984,98.4,84,1886
985,98.5,64,386
986,98.6,19,1581
987,98.7,22,1643
988,98.8,87,1342
989,98.9,86,1024
990,99,50,2883
991,99.1,54,1185
992,99.2,97,484
993,99.3,86,1527
994,99.4,8,182
995,99.5,43,363
996,99.6,21,501
997,99.7,98,1098
998,99.8,28,2656
999,99.9,81,2226
1000,100,17,2596
1001,100.1,7,2604
1002,100.2,40,868
1003,100.3,53,1065
1004,100.4,90,838
1005,100.5,49,446
1006,100.6,29,824
1007,100.7,39,1309
1008,100.8,91,759
1009,100.9,65,1853
1010,101,36,786
1011,101.1,64,2569
1012,101.2,72,862
1013,101.3,91,2031
1014,101.4,46,1285
1015,101.5,49,1212
1016,101.6,77,510
1017,101.7,12,724
1018,101.8,93,2144
1019,101.9,43,1983
1020,102,100,2280
1021,102.1,68,1787
1022,102.2,34,298
1023,102.3,51,1210
1024,102.4,13,2601
1025,102.5,91,349
1026,102.6,66,1789
1027,102.7,21,922
1028,102.8,67,2189
1029,102.9,69,1660
1030,103,51,2311
1031,103.1,22,2772
1032,103.2,27,1276
1033,103.3,48,670
1034,103.4,20,1186
1035,103.5,100,2506
1036,103.6,46,1225
1037,103.7,62,1271
1038,103.8,69,2757
1039,103.9,53,1340
1040,104,24,2973
1041,104.1,89,2411
1042,104.2,44,1802
1043,104.3,8,1389
1044,104.4,85,2262
1045,104.5,34,403
1046,104.6,49,1833
1047,104.7,88,1291
1048,104.8,15,2245
1049,104.9,73,2006
1050,105,96,771
1051,105.1,10,459
1052,105.2,45,1138
1053,105.3,59,1182
1054,105.4,35,2372
1055,105.5,62,1521
1056,105.6,9,2046
1057,105.7,72,1213
1058,105.8,87,196
1059,105.9,49,2221
1060,106,33,842
1061,106.1,47,2941
1062,106.2,57,2971
1063,106.3,35,2696
1064,106.4,84,2621
1065,106.5,43,1089
1066,106.6,29,1723
1067,106.7,76,1513
1068,106.8,14,700
1069,106.9,68,1319
1070,107,5,2727
1071,107.1,8,1027
1072,107.2,34,574
1073,107.3,9,627
1074,107.4,87,1342
1075,107.5,85,2290
1076,107.6,20,1601
1077,107.7,15,1843
1078,107.8,8,791
1079,107.9,98,2368
1080,108,25,1344
1081,108.1,27,2060
1082,108.2,18,2511
1083,108.3,54,2816
1084,108.4,53,1454
1085,108.5,99,1887
1086,108.6,5,2997
1087,108.7,10,2161
1088,108.8,57,2322
1089,108.9,40,1863
1090,109,96,1260
1091,109.1,10,1868
1092,109.2,35,982
1093,109.3,23,960
1094,109.4,38,433
1095,109.5,35,2403
1096,109.6,75,1920
1097,109.7,16,2335
1098,109.8,11,2412
1099,109.9,29,2022
1100,110,68,2400
1101,110.1,7,2630
1102,110.2,24,237
1103,110.3,46,538
1104,110.4,98,2145
1105,110.5,77,2293
1106,110.6,84,2496
1107,110.7,66,1286
1108,110.8,23,2992
1109,110.9,84,1960
1110,111,65,2348
1111,111.1,85,2936
1112,111.2,25,818
1113,111.3,11,205
1114,111.4,42,925
1115,111.5,84,1033
1116,111.6,37,590
1117,111.7,40,1065
1118,111.8,22,2919
1119,111.9,59,2597
1120,112,40,2557
1121,112.1,80,240
1122,112.2,55,2429
1123,112.3,32,2848
1124,112.4,72,1642
1125,112.5,75,1278
1126,112.6,42,921
1127,112.7,49,1815
1128,112.8,98,1156
1129,112.9,45,1108
1130,113,80,1667
1131,113.1,71,698
1132,113.2,39,521
1133,113.3,85,1061
1134,113.4,39,173
1135,113.5,97,989
1136,113.6,82,259
1137,113.7,95,2150
1138,113.8,37,2150
1139,113.9,51,2780
1140,114,75,613
1141,114.1,10,854
1142,114.2,11,354
1143,114.3,98,2801
1144,114.4,8,696
1145,114.5,16,1933
1146,114.6,51,944
1147,114.7,21,1725
1148,114.8,42,1099
1149,114.9,73,2506
1150,115,30,1629
1151,115.1,87,1771
1152,115.2,48,1518
1153,115.3,80,270
1154,115.4,77,1330
1155,115.5,68,2218
1156,115.6,30,1903
1157,115.7,31,2423
1158,115.8,64,452
1159,115.9,88,2731
1160,116,5,1679
1161,116.1,17,2435
1162,116.2,5,886
1163,116.3,51,2985
1164,116.4,24,2284
1165,116.5,39,1653
1166,116.6,35,1900
1167,116.7,67,2445
1168,116.8,17,2191
1169,116.9,29,1926
1170,117,10,1532
1171,117.1,17,1217
1172,117.2,7,884
1173,117.3,9,1525
1174,117.4,36,812
1175,117.5,12,2895
1176,117.6,85,2156
1177,117.7,5,814
1178,117.8,97,2845
1179,117.9,99,188
1180,118,17,233
1181,118.1,27,2087
1182,118.2,25,1471
1183,118.3,95,1808
1184,118.4,55,2630
1185,118.5,17,1333
1186,118.6,86,809
1187,118.7,88,1500
1188,118.8,50,2107
1189,118.9,56,2529
1190,119,53,2348
1191,119.1,10,630
1192,119.2,65,2975
1193,119.3,47,878
1194,119.4,87,679
1195,119.5,16,2934
1196,119.6,18,1460
1197,119.7,52,316
1198,119.8,78,281
1199,119.9,71,1246
1200,120,25,2211
1201,120.1,90,1899
1202,120.2,70,409
1203,120.3,66,1502
1204,120.4,27,2558
1205,120.5,99,1899
1206,120.6,44,887
1207,120.7,7,559
1208,120.8,11,173
1209,120.9,35,2241
1210,121,9,1953
1211,121.1,47,1149
1212,121.2,34,1263
1213,121.3,30,2063
1214,121.4,19,1084
1215,121.5,38,1122
1216,121.6,79,636
1217,121.7,49,867
1218,121.8,71,1716
1219,121.9,17,312
1220,122,59,2058
1221,122.1,6,2405
1222,122.2,35,781
1223,122.3,17,2150
1224,122.4,11,590
1225,122.5,84,2922
1226,122.6,43,774
1227,122.7,92,631
1228,122.8,40,1376
1229,122.9,8,171
1230,123,41,1774
1231,123.1,76,1394
1232,123.2,95,2990
1233,123.3,31,2498
1234,123.4,13,1452
1235,123.5,9,1037
1236,123.6,65,1977
1237,123.7,38,226
1238,123.8,45,1097
1239,123.9,88,851
1240,124,41,2866
1241,124.1,63,1159
1242,124.2,74,1769
1243,124.3,98,963
1244,124.4,88,823
1245,124.5,66,1535
1246,124.6,78,2315
1247,124.7,8,197
1248,124.8,19,1447
1249,124.9,6,921
1250,125,69,1162
1251,125.1,74,1541
1252,125.2,65,1199
1253,125.3,11,1001
1254,125.4,23,724
1255,125.5,48,2324
1256,125.6,81,310
1257,125.7,19,916
1258,125.8,36,1205
1259,125.9,92,2808
1260,126,73,282
1261,126.1,74,2671
1262,126.2,82,749
1263,126.3,83,2137
1264,126.4,43,872
1265,126.5,52,1947
1266,126.6,48,2040
1267,126.7,75,1998
1268,126.8,22,169
1269,126.9,34,2173
1270,127,56,2454
1271,127.1,16,2666
1272,127.2,21,1459
1273,127.3,26,3000
1274,127.4,43,183
1275,127.5,61,2462
1276,127.6,6,1819
1277,127.7,95,1063
1278,127.8,70,2736
1279,127.9,84,1868
1280,128,24,436
1281,128.1,94,1510
1282,128.2,33,1297
1283,128.3,74,2896
1284,128.4,96,1817
1285,128.5,55,180
1286,128.6,23,2503
1287,128.7,55,2998
1288,128.8,37,1497
1289,128.9,21,2732
1290,129,95,2471
1291,129.1,29,2747
1292,129.2,42,1838
1293,129.3,88,2599
1294,129.4,13,1545
1295,129.5,38,1413
1296,129.6,50,1224
1297,129.7,60,1475
1298,129.8,54,2484
1299,129.9,11,2012
1300,130,24,227
1301,130.1,60,715
1302,130.2,72,1804
1303,130.3,63,693
1304,130.4,82,1122
1305,130.5,77,2834
1306,130.6,24,368
1307,130.7,5,2864
1308,130.8,18,2968
1309,130.9,85,174
1310,131,22,2755
1311,131.1,71,433
1312,131.2,34,2943
1313,131.3,43,1832
1314,131.4,43,1718
1315,131.5,68,855
1316,131.6,59,625
1317,131.7,50,753
1318,131.8,74,2576
1319,131.9,86,1192
1320,132,100,2663
1321,132.1,54,2022
1322,132.2,53,557
1323,132.3,15,183
1324,132.4,63,2421
1325,132.5,42,2823
1326,132.6,54,2478
1327,132.7,61,2592
1328,132.8,93,807
1329,132.9,57,1878
1330,133,100,2734
1331,133.1,99,1810
1332,133.2,78,2257
1333,133.3,40,1982
1334,133.4,95,2447
1335,133.5,46,933
1336,133.6,86,1996
1337,133.7,83,1890
1338,133.8,62,1709
1339,133.9,94,2048
1340,134,24,2788
1341,134.1,14,1275
1342,134.2,54,341
1343,134.3,84,1614
1344,134.4,62,1349
1345,134.5,31,2658
1346,134.6,43,2840
1347,134.7,56,1726
1348,134.8,30,2577
1349,134.9,45,1044
1350,135,20,2818
1351,135.1,24,2316
1352,135.2,25,785
1353,135.3,32,1859
1354,135.4,36,2819
1355,135.5,90,2794
1356,135.6,88,2155
1357,135.7,95,1977
1358,135.8,22,1991
1359,135.9,66,1384
1360,136,31,2256
1361,136.1,44,1118
1362,136.2,52,434
1363,136.3,15,2723
1364,136.4,41,881
1365,136.5,76,1692
1366,136.6,17,1281
1367,136.7,67,1870
1368,136.8,44,2703
1369,136.9,94,936
1370,137,58,412
1371,137.1,26,445
1372,137.2,9,929
1373,137.3,53,530
1374,137.4,24,354
1375,137.5,56,1517
1376,137.6,10,1184
1377,137.7,67,2372
1378,137.8,6,907
1379,137.9,48,918
1380,138,7,662
1381,138.1,11,2175
1382,138.2,93,1792
1383,138.3,36,2259
1384,138.4,77,1959
1385,138.5,66,189
1386,138.6,39,2746
1387,138.7,5,1493
1388,138.8,57,738
1389,138.9,52,462
1390,139,72,1846
1391,139.1,72,1976
1392,139.2,100,2586
1393,139.3,90,1736
1394,139.4,44,2799
1395,139.5,10,199
1396,139.6,73,2292
1397,139.7,52,1384
1398,139.8,30,2941
1399,139.9,96,811
1400,140,13,695
1401,140.1,37,2941
1402,140.2,48,528
1403,140.3,61,2785
1404,140.4,60,1498
1405,140.5,34,2606
1406,140.6,93,298
1407,140.7,73,208
1408,140.8,50,991
1409,140.9,7,2827
1410,141,68,2608
1411,141.1,18,1066
1412,141.2,39,2324
1413,141.3,50,528
1414,141.4,65,930
1415,141.5,100,949
1416,141.6,69,294
1417,141.7,65,1498
1418,141.8,20,2453
1419,141.9,55,2649
1420,142,89,456
1421,142.1,75,218
1422,142.2,83,1183
1423,142.3,82,2439
1424,142.4,64,246
1425,142.5,92,842
1426,142.6,11,1186
1427,142.7,55,668
1428,142.8,37,1372
1429,142.9,22,169
1430,143,61,2223
1431,143.1,55,1097
1432,143.2,54,389
1433,143.3,13,2572
1434,143.4,58,2444
1435,143.5,98,2123
1436,143.6,17,583
1437,143.7,40,2406
1438,143.8,15,2615
1439,143.9,71,2523
1440,144,62,1846
1441,144.1,35,2294
1442,144.2,33,1133
1443,144.3,65,1587
1444,144.4,9,1558
1445,144.5,23,1043
1446,144.6,62,1932
1447,144.7,47,2712
1448,144.8,74,670
1449,144.9,23,1108
1450,145,65,2281
1451,145.1,65,1456
1452,145.2,12,2505
1453,145.3,67,1233
1454,145.4,49,2629
1455,145.5,59,161
1456,145.6,32,2416
1457,145.7,74,1845
1458,145.8,31,1563
1459,145.9,63,2112
1460,146,98,1368
1461,146.1,12,682
1462,146.2,49,271
1463,146.3,43,211
1464,146.4,70,2330
1465,146.5,62,557
1466,146.6,98,1602
1467,146.7,61,2068
1468,146.8,64,185
1469,146.9,22,1215
1470,147,77,2327
1471,147.1,41,2331
1472,147.2,40,1725
1473,147.3,41,1776
1474,147.4,33,210
1475,147.5,88,2565
1476,147.6,32,383
1477,147.7,56,2478
1478,147.8,7,1072
1479,147.9,53,696
1480,148,54,2388
1481,148.1,64,1667
1482,148.2,69,1651
1483,148.3,16,2986
1484,148.4,14,1894
1485,148.5,87,2223
1486,148.6,100,1816
1487,148.7,61,1497
1488,148.8,50,1944
1489,148.9,46,2653
1490,149,36,2596
1491,149.1,60,2159
1492,149.2,63,242
1493,149.3,24,1690
1494,149.4,7,2174
1495,149.5,45,1218
1496,149.6,15,2921
1497,149.7,21,2128
1498,149.8,99,380
1499,149.9,37,1311
1500,150,29,301
1501,150.1,14,776
1502,150.2,21,1696
1503,150.3,67,2851
1504,150.4,10,1027
1505,150.5,41,2647
1506,150.6,51,2918
1507,150.7,34,1408
1508,150.8,97,2404
1509,150.9,74,1017
1510,151,21,769
1511,151.1,43,1571
1512,151.2,78,1928
1513,151.3,57,2053
1514,151.4,70,1573
1515,151.5,30,1059
1516,151.6,72,1188
1517,151.7,11,418
1518,151.8,94,1204
1519,151.9,64,434
1520,152,18,1560
1521,152.1,39,2381
1522,152.2,6,1513
1523,152.3,39,1297
1524,152.4,67,2986
1525,152.5,64,451
1526,152.6,18,959
1527,152.7,11,2845
1528,152.8,13,1985
1529,152.9,42,1344
1530,153,81,1760
1531,153.1,39,1670
1532,153.2,12,1175
1533,153.3,56,1524
1534,153.4,83,413
1535,153.5,13,1689
1536,153.6,44,1245
1537,153.7,36,2383
1538,153.8,65,1309
1539,153.9,97,2916
1540,154,98,1551
1541,154.1,70,266
1542,154.2,42,1890
1543,154.3,88,1423
1544,154.4,12,2916
1545,154.5,38,2317
1546,154.6,93,2646
1547,154.7,84,1408
1548,154.8,8,2593
1549,154.9,42,952
1550,155,10,2632
1551,155.1,86,1549
1552,155.2,72,1506
1553,155.3,91,577
1554,155.4,10,352
1555,155.5,78,498
1556,155.6,55,2313
1557,155.7,6,612
1558,155.8,43,432
1559,155.9,87,2375
1560,156,35,2536
1561,156.1,75,1309
1562,156.2,50,2343
1563,156.3,78,1869
1564,156.4,82,616
1565,156.5,75,228
1566,156.6,72,2951
1567,156.7,12,2131
1568,156.8,71,2962
1569,156.9,85,1911
1570,157,77,1136
1571,157.1,86,1956
1572,157.2,21,2547
1573,157.3,56,236
1574,157.4,6,276
1575,157.5,41,544
1576,157.6,38,1629
1577,157.7,14,1282
1578,157.8,23,1540
1579,157.9,36,2337
1580,158,16,178
1581,158.1,25,2132
1582,158.2,30,295
1583,158.3,10,1327
1584,158.4,5,2908
1585,158.5,37,1620
1586,158.6,63,1834
1587,158.7,58,480
1588,158.8,90,348
1589,158.9,64,2828
1590,159,33,2325
1591,159.1,19,1587
1592,159.2,41,483
1593,159.3,27,1904
1594,159.4,98,2578
1595,159.5,41,1356
1596,159.6,49,818
1597,159.7,5,1268
1598,159.8,57,576
1599,159.9,95,1980
1600,160,34,910
1601,160.1,59,1760
1602,160.2,77,2757
1603,160.3,52,1825
1604,160.4,25,246
1605,160.5,76,1281
1606,160.6,11,2430
1607,160.7,21,2639
1608,160.8,42,1426
1609,160.9,13,2430
1610,161,75,226
1611,161.1,80,212
1612,161.2,82,1058
1613,161.3,7,1508
1614,161.4,67,2949
1615,161.5,94,1712
1616,161.6,14,578
1617,161.7,93,2382
1618,161.8,47,546
1619,161.9,79,1203
1620,162,85,1809
1621,162.1,38,837
1622,162.2,58,972
1623,162.3,12,440
1624,162.4,80,214
1625,162.5,93,2929
1626,162.6,87,892
1627,162.7,95,1439
1628,162.8,48,1388
1629,162.9,16,2193
1630,163,10,2838
1631,163.1,44,821
1632,163.2,13,1385
1633,163.3,26,2055
1634,163.4,56,455
1635,163.5,53,1642
1636,163.6,22,1726
1637,163.7,53,1918
1638,163.8,5,1401
1639,163.9,28,2706
1640,164,51,2584
1641,164.1,28,1645
1642,164.2,87,844
1643,164.3,83,2418
1644,164.4,84,2301
1645,164.5,16,1319
1646,164.6,90,1200
1647,164.7,55,1666
1648,164.8,55,1837
1649,164.9,100,2834
1650,165,22,2565
1651,165.1,6,2409
1652,165.2,16,2862
1653,165.3,89,1882
1654,165.4,12,746
1655,165.5,39,338
1656,165.6,96,863
1657,165.7,88,2094
1658,165.8,50,513
1659,165.9,34,1589
1660,166,11,176
1661,166.1,32,930
1662,166.2,15,2690
1663,166.3,88,1288
1664,166.4,19,2619
1665,166.5,69,1114
1666,166.6,71,2106
1667,166.7,77,832
1668,166.8,33,2438
1669,166.9,85,1156
1670,167,74,2521
1671,167.1,16,324
1672,167.2,10,328
1673,167.3,67,604
1674,167.4,41,459
1675,167.5,65,762
1676,167.6,8,1187
1677,167.7,48,2937
1678,167.8,8,254
1679,167.9,82,167
1680,168,38,1481
1681,168.1,32,1163
1682,168.2,57,551
1683,168.3,29,1231
1684,168.4,36,2801
1685,168.5,37,2192
1686,168.6,25,1486
1687,168.7,86,491
1688,168.8,73,1890
1689,168.9,23,303
1690,169,98,2516
1691,169.1,86,1940
1692,169.2,56,1051
1693,169.3,16,1752
1694,169.4,39,827
1695,169.5,60,1557
1696,169.6,44,440
1697,169.7,82,2941
1698,169.8,90,2539
1699,169.9,71,478
1700,170,26,684
1701,170.1,21,872
1702,170.2,76,1686
1703,170.3,88,2865
1704,170.4,92,2886
1705,170.5,67,1217
1706,170.6,95,743
1707,170.7,84,1074
1708,170.8,6,2880
1709,170.9,50,668
1710,171,54,249
1711,171.1,6,873
1712,171.2,47,2282
1713,171.3,21,1229
1714,171.4,13,1588
1715,171.5,45,361
1716,171.6,86,860
1717,171.7,46,1542
1718,171.8,14,1459
1719,171.9,56,280
1720,172,80,2690
1721,172.1,80,2301
1722,172.2,86,2263
1723,172.3,75,1208
1724,172.4,85,1128
1725,172.5,59,2667
1726,172.6,18,1427
1727,172.7,66,1018
1728,172.8,22,2578
1729,172.9,55,592
1730,173,21,1890
1731,173.1,76,1538
1732,173.2,65,1758
1733,173.3,89,1932
1734,173.4,53,2700
1735,173.5,34,935
1736,173.6,8,2724
1737,173.7,8,2298
1738,173.8,8,1617
1739,173.9,48,1387
1740,174,10,1800
1741,174.1,22,203
1742,174.2,94,1610
1743,174.3,84,1195
1744,174.4,48,253
1745,174.5,39,269
1746,174.6,62,1925
1747,174.7,96,1269
1748,174.8,43,692
1749,174.9,5,752
1750,175,91,1849
1751,175.1,19,639
1752,175.2,35,2209
1753,175.3,95,518
1754,175.4,11,2586
1755,175.5,86,871
1756,175.6,72,1437
1757,175.7,56,163
1758,175.8,77,1282
1759,175.9,87,2158
1760,176,7,1931
1761,176.1,98,2276
1762,176.2,11,1866
1763,176.3,28,960
1764,176.4,68,2084
1765,176.5,64,1210
1766,176.6,73,462
1767,176.7,48,2283
1768,176.8,44,613
1769,176.9,45,2547
1770,177,37,1884
1771,177.1,43,993
1772,177.2,51,827
1773,177.3,94,602
1774,177.4,47,2486
1775,177.5,33,1156
1776,177.6,96,1028
1777,177.7,51,175
1778,177.8,40,768
1779,177.9,31,758
1780,178,32,1396
1781,178.1,25,2785
1782,178.2,73,755
1783,178.3,33,1250
1784,178.4,67,2155
1785,178.5,10,1590
1786,178.6,100,1738
1787,178.7,81,2326
1788,178.8,7,761
1789,178.9,77,676
1790,179,46,1976
1791,179.1,17,2239
1792,179.2,78,584
1793,179.3,55,340
1794,179.4,23,2888
1795,179.5,49,239
1796,179.6,71,1047
1797,179.7,48,615
1798,179.8,42,367
1799,179.9,24,1841
1800,180,99,1001
1801,180.1,77,1007
1802,180.2,83,355
1803,180.3,72,1841
1804,180.4,91,2776
1805,180.5,67,947
1806,180.6,57,2731
1807,180.7,41,1470
1808,180.8,87,286
1809,180.9,16,796
1810,181,11,1225
1811,181.1,5,2283
1812,181.2,96,2515
1813,181.3,12,2956
1814,181.4,74,1045
1815,181.5,58,600
1816,181.6,26,454
1817,181.7,30,538
1818,181.8,31,1335
1819,181.9,94,2163
1820,182,32,2213
1821,182.1,11,2870
1822,182.2,23,1336
1823,182.3,46,2102
1824,182.4,63,2501
1825,182.5,6,927
1826,182.6,90,709
1827,182.7,76,2469
1828,182.8,52,1393
1829,182.9,89,2684
1830,183,50,848
1831,183.1,89,2857
1832,183.2,94,2719
1833,183.3,63,1121
1834,183.4,68,2581
1835,183.5,42,2420
1836,183.6,96,2926
1837,183.7,71,1610
1838,183.8,38,1153
1839,183.9,84,715
1840,184,72,2651
1841,184.1,56,2557
1842,184.2,84,2933
1843,184.3,33,1812
1844,184.4,31,1812
1845,184.5,50,1709
1846,184.6,43,1132
1847,184.7,13,506
1848,184.8,72,2119
1849,184.9,10,1620
1850,185,14,2191
1851,185.1,71,2834
1852,185.2,6,1427
1853,185.3,25,1726
1854,185.4,62,916
1855,185.5,87,2179
1856,185.6,32,1808
1857,185.7,63,679
1858,185.8,43,2913
1859,185.9,70,2245
1860,186,50,1849
1861,186.1,40,2498
1862,186.2,55,971
1863,186.3,74,1196
1864,186.4,9,2372
1865,186.5,48,2988
1866,186.6,95,1662
1867,186.7,78,361
1868,186.8,37,184
1869,186.9,50,968
1870,187,98,1195
1871,187.1,7,1208
1872,187.2,13,849
1873,187.3,7,1538
1874,187.4,48,1591
1875,187.5,88,2703
1876,187.6,61,2949
1877,187.7,66,1704
1878,187.8,92,2806
1879,187.9,53,2108
1880,188,88,2096
1881,188.1,88,2432
1882,188.2,53,2216
1883,188.3,36,2823
1884,188.4,99,2359
1885,188.5,89,1944
1886,188.6,10,439
1887,188.7,19,1223
1888,188.8,74,2426
1889,188.9,29,537
1890,189,70,239
1891,189.1,79,1246
1892,189.2,53,651
1893,189.3,22,228
1894,189.4,68,1470
1895,189.5,88,1420
1896,189.6,44,269
1897,189.7,26,1442
1898,189.8,62,1027
1899,189.9,80,2012
1900,190,51,2172
1901,190.1,72,1638
1902,190.2,30,1143
1903,190.3,74,463
1904,190.4,98,440
1905,190.5,40,2026
1906,190.6,97,2938
1907,190.7,24,744
1908,190.8,90,1213
1909,190.9,100,213
1910,191,18,750
1911,191.1,50,2463
1912,191.2,66,1877
1913,191.3,61,2406
1914,191.4,32,2515
1915,191.5,24,383
1916,191.6,69,2699
1917,191.7,65,352
1918,191.8,48,2787
1919,191.9,77,1760
1920,192,30,1471
1921,192.1,65,1096
1922,192.2,67,2544
1923,192.3,10,1413
1924,192.4,83,502
1925,192.5,88,1800
1926,192.6,74,621
1927,192.7,76,1262
1928,192.8,13,1036
1929,192.9,5,2750
1930,193,48,2813
1931,193.1,22,1626
1932,193.2,71,566
1933,193.3,85,1693
1934,193.4,22,1084
1935,193.5,84,931
1936,193.6,28,2277
1937,193.7,7,241
1938,193.8,70,657
1939,193.9,89,2421
1940,194,67,1012
1941,194.1,100,2450
1942,194.2,99,2650
1943,194.3,71,1408
1944,194.4,95,1855
1945,194.5,27,2855
1946,194.6,27,1784
1947,194.7,50,2065
1948,194.8,100,966
1949,194.9,88,810
1950,195,92,1985
1951,195.1,66,459
1952,195.2,21,2767
1953,195.3,24,388
1954,195.4,66,2890
1955,195.5,65,1266
1956,195.6,65,736
1957,195.7,13,2384
1958,195.8,47,2827
1959,195.9,71,2940
1960,196,34,2840
1961,196.1,14,2202
1962,196.2,93,1248
1963,196.3,14,2306
1964,196.4,17,497
1965,196.5,97,2317
1966,196.6,41,1985
1967,196.7,7,739
1968,196.8,23,1695
1969,196.9,69,2247
1970,197,82,612
1971,197.1,58,2196
1972,197.2,59,850
1973,197.3,85,2466
1974,197.4,21,569
1975,197.5,54,2429
1976,197.6,63,1686
1977,197.7,44,2788
1978,197.8,23,337
1979,197.9,51,1506
1980,198,67,916
1981,198.1,47,2076
1982,198.2,21,1096
1983,198.3,87,214
1984,198.4,53,2765
1985,198.5,55,1205
1986,198.6,91,379
1987,198.7,96,779
1988,198.8,17,2918
1989,198.9,56,336
1990,199,91,1259
1991,199.1,72,1933
1992,199.2,13,1095
1993,199.3,5,2021
1994,199.4,22,2226
1995,199.5,6,1579
1996,199.6,94,1624
1997,199.7,35,2886
1998,199.8,7,1022
1999,199.9,48,2010
2000,200,70,790
2001,200.1,85,1176
2002,200.2,97,595
2003,200.3,29,1065
2004,200.4,24,1525
2005,200.5,26,930
2006,200.6,65,2365
2007,200.7,94,1497
2008,200.8,94,1020
2009,200.9,55,1047
2010,201,52,168
2011,201.1,66,1486
2012,201.2,63,854
2013,201.3,36,1812
2014,201.4,92,884
2015,201.5,30,2951
2016,201.6,31,1273
2017,201.7,16,2271
2018,201.8,56,1801
2019,201.9,66,2491
2020,202,41,454
2021,202.1,43,1694
2022,202.2,16,2239
2023,202.3,19,2288
2024,202.4,95,918
2025,202.5,39,1998
2026,202.6,92,238
2027,202.7,80,1515
2028,202.8,50,2920
2029,202.9,48,666
2030,203,84,216
2031,203.1,35,2739
2032,203.2,42,2638
2033,203.3,80,814
2034,203.4,46,2696
2035,203.5,61,516
2036,203.6,93,2582
2037,203.7,23,2939
2038,203.8,21,2873
2039,203.9,74,2499
2040,204,34,1660
2041,204.1,13,1132
2042,204.2,90,2958
2043,204.3,10,336
2044,204.4,87,2171
2045,204.5,68,2980
2046,204.6,92,2945
2047,204.7,22,877
2048,204.8,44,2030
2049,204.9,60,1650
2050,205,89,2798
2051,205.1,90,2036
2052,205.2,65,2629
2053,205.3,9,1340
2054,205.4,54,2022
2055,205.5,36,1436
2056,205.6,89,534
2057,205.7,35,344
2058,205.8,81,1010
2059,205.9,12,2026
2060,206,5,2650
2061,206.1,95,845
2062,206.2,67,2794
2063,206.3,9,2527
2064,206.4,99,845
2065,206.5,37,1860
2066,206.6,39,919
2067,206.7,66,2895
2068,206.8,19,2565
2069,206.9,72,1601
2070,207,90,2323
2071,207.1,28,2653
2072,207.2,42,2848
2073,207.3,68,1154
2074,207.4,25,1891
2075,207.5,20,1729
2076,207.6,97,589
2077,207.7,62,905
2078,207.8,55,1285
2079,207.9,25,1861
2080,208,32,2013
2081,208.1,24,1368
2082,208.2,76,2287
2083,208.3,5,496
2084,208.4,78,1511
2085,208.5,5,438
2086,208.6,75,521
2087,208.7,40,1361
2088,208.8,89,1738
2089,208.9,93,1049
2090,209,39,611
2091,209.1,30,1226
2092,209.2,63,449
2093,209.3,91,2772
2094,209.4,21,253
2095,209.5,71,257
2096,209.6,94,1866
2097,209.7,26,1914
2098,209.8,66,2139
2099,209.9,58,285
2100,210,26,2927
2101,210.1,87,777
2102,210.2,84,2798
2103,210.3,71,1128
2104,210.4,84,2925
2105,210.5,5,1906
2106,210.6,23,768
2107,210.7,80,2916
2108,210.8,13,2805
2109,210.9,23,1830
2110,211,84,2735
2111,211.1,29,2064
2112,211.2,12,181
2113,211.3,18,455
2114,211.4,65,2030
2115,211.5,79,1725
2116,211.6,24,1038
2117,211.7,56,1270
2118,211.8,13,1964
2119,211.9,97,1306
2120,212,89,549
2121,212.1,27,1583
2122,212.2,50,1867
2123,212.3,10,582
2124,212.4,25,716
2125,212.5,93,1428
2126,212.6,90,2437
2127,212.7,45,1241
2128,212.8,63,2645
2129,212.9,46,649
2130,213,48,1399
2131,213.1,37,1689
2132,213.2,65,2414
2133,213.3,74,1660
2134,213.4,88,1267
2135,213.5,95,1200
2136,213.6,62,931
2137,213.7,6,1736
2138,213.8,40,2829
2139,213.9,13,1592
2140,214,58,1885
2141,214.1,43,2371
2142,214.2,77,1469
2143,214.3,85,1352
2144,214.4,75,2991
2145,214.5,70,2327
2146,214.6,8,2405
2147,214.7,26,2976
2148,214.8,12,2471
2149,214.9,61,1528
2150,215,96,1524
2151,215.1,53,2947
2152,215.2,93,750
2153,215.3,31,1885
2154,215.4,31,2612
2155,215.5,90,1779
2156,215.6,5,759
2157,215.7,45,1787
2158,215.8,23,331
2159,215.9,32,2082
2160,216,31,2815
2161,216.1,100,2530
2162,216.2,40,2062
2163,216.3,56,1582
2164,216.4,54,1309
2165,216.5,63,2360
2166,216.6,35,2864
2167,216.7,19,1468
2168,216.8,63,2088
2169,216.9,49,550
2170,217,18,497
2171,217.1,17,486
2172,217.2,25,561
2173,217.3,67,764
2174,217.4,28,1572
2175,217.5,28,1766
2176,217.6,59,565
2177,217.7,53,2237
2178,217.8,13,1930
2179,217.9,5,422
2180,218,46,2557
2181,218.1,75,2034
2182,218.2,74,461
2183,218.3,75,1010
2184,218.4,53,2768
2185,218.5,84,2558
2186,218.6,95,2524
2187,218.7,47,1307
2188,218.8,28,193
2189,218.9,20,2413
2190,219,48,224
2191,219.1,18,2888
2192,219.2,18,2999
2193,219.3,50,697
2194,219.4,19,661
2195,219.5,37,2095
2196,219.6,67,2609
2197,219.7,82,977
2198,219.8,36,2883
2199,219.9,38,836
2200,220,80,2019
2201,220.1,92,1969
2202,220.2,83,238
2203,220.3,10,1792
2204,220.4,35,669
2205,220.5,41,2511
2206,220.6,63,1761
2207,220.7,81,592
2208,220.8,83,1315
2209,220.9,90,648
2210,221,86,1260
2211,221.1,86,535
2212,221.2,27,1707
2213,221.3,21,2291
2214,221.4,51,1669
2215,221.5,67,518
2216,221.6,39,1137
2217,221.7,86,505
2218,221.8,59,962
2219,221.9,95,1248
2220,222,7,1312
2221,222.1,84,2424
2222,222.2,87,900
2223,222.3,51,975
2224,222.4,6,1716
2225,222.5,77,2854
2226,222.6,42,292
2227,222.7,96,2737
2228,222.8,76,2498
2229,222.9,49,1352
2230,223,42,323
2231,223.1,56,1609
2232,223.2,97,1234
2233,223.3,49,1461
2234,223.4,7,818
2235,223.5,47,1987
2236,223.6,70,276
2237,223.7,42,1667
2238,223.8,13,2510
2239,223.9,11,854
2240,224,31,2441
2241,224.1,87,2644
2242,224.2,81,363
2243,224.3,34,2411
2244,224.4,69,2061
2245,224.5,98,2508
2246,224.6,31,2302
2247,224.7,45,506
2248,224.8,73,229
2249,224.9,85,1288
2250,225,53,2298
2251,225.1,62,1549
2252,225.2,59,248
2253,225.3,93,2860
2254,225.4,80,2472
2255,225.5,40,445
2256,225.6,77,2231
2257,225.7,79,1206
2258,225.8,54,637
2259,225.9,37,2266
2260,226,8,2420
2261,226.1,28,1219
2262,226.2,93,777
2263,226.3,27,647
2264,226.4,99,1125
2265,226.5,26,2935
2266,226.6,6,680
2267,226.7,49,2259
2268,226.8,97,960
2269,226.9,88,2423
2270,227,21,1821
2271,227.1,70,1571
2272,227.2,18,1535
2273,227.3,75,2407
2274,227.4,16,975
2275,227.5,43,2672
2276,227.6,91,1366
2277,227.7,78,2768
2278,227.8,31,1738
2279,227.9,78,427
2280,228,38,1430
2281,228.1,16,2368
2282,228.2,81,2907
2283,228.3,22,1222
2284,228.4,59,1928
2285,228.5,43,1020
2286,228.6,40,2082
2287,228.7,96,2581
2288,228.8,86,2596
2289,228.9,97,262
2290,229,12,874
2291,229.1,11,2400
2292,229.2,52,2731
2293,229.3,49,976
2294,229.4,86,964
2295,229.5,87,1599
2296,229.6,32,517
2297,229.7,8,1525
2298,229.8,28,1933
2299,229.9,89,169
2300,230,27,1371
2301,230.1,70,2543
2302,230.2,19,538
2303,230.3,6,2206
2304,230.4,59,1178
2305,230.5,11,1196
2306,230.6,58,933
2307,230.7,21,192
2308,230.8,82,653
2309,230.9,55,1066
2310,231,48,1200
2311,231.1,47,1705
2312,231.2,59,499
2313,231.3,72,260
2314,231.4,75,2768
2315,231.5,54,1808
2316,231.6,71,926
2317,231.7,48,1969
2318,231.8,38,1017
2319,231.9,12,2740
2320,232,99,563
2321,232.1,72,1677
2322,232.2,64,2660
2323,232.3,49,1159
2324,232.4,32,2197
2325,232.5,50,902
2326,232.6,11,695
2327,232.7,9,946
2328,232.8,83,2195
2329,232.9,55,2588
2330,233,46,1992
2331,233.1,96,2164
2332,233.2,5,1411
2333,233.3,44,196
2334,233.4,90,1541
2335,233.5,32,691
2336,233.6,33,696
2337,233.7,38,1333
2338,233.8,8,2520
2339,233.9,64,518
2340,234,96,482
2341,234.1,49,827
2342,234.2,8,946
2343,234.3,63,1971
2344,234.4,23,877
2345,234.5,61,2535
2346,234.6,74,1069
2347,234.7,71,2092
2348,234.8,28,850
2349,234.9,13,1638
2350,235,73,2819
2351,235.1,19,2683
2352,235.2,6,2170
2353,235.3,15,630
2354,235.4,59,905
2355,235.5,8,1100
2356,235.6,9,393
2357,235.7,28,2186
2358,235.8,72,2085
2359,235.9,92,1941
2360,236,9,275
2361,236.1,46,1579
2362,236.2,78,1010
2363,236.3,87,2090
2364,236.4,59,1328
2365,236.5,99,975
2366,236.6,35,2656
2367,236.7,60,708
2368,236.8,72,331
2369,236.9,82,328
2370,237,12,1916
2371,237.1,48,2718
2372,237.2,87,444
2373,237.3,17,1907
2374,237.4,52,491
2375,237.5,65,2663
2376,237.6,9,2329
2377,237.7,71,1377
2378,237.8,73,1563
2379,237.9,54,1865
2380,238,55,1780
2381,238.1,44,1343
2382,238.2,40,1415
2383,238.3,40,1807
2384,238.4,49,582
2385,238.5,33,1223
2386,238.6,25,2922
2387,238.7,44,1047
2388,238.8,53,1115
2389,238.9,41,1037
2390,239,27,1404
2391,239.1,90,2042
2392,239.2,8,447
2393,239.3,95,2484
2394,239.4,86,1515
2395,239.5,85,2411
2396,239.6,80,361
2397,239.7,81,1645
2398,239.8,95,2173
2399,239.9,39,2805
2400,240,75,574
2401,240.1,22,2509
2402,240.2,29,150
2403,240.3,36,1519
2404,240.4,26,1810
2405,240.5,24,1164
2406,240.6,92,847
2407,240.7,95,1314
2408,240.8,84,183
2409,240.9,24,1594
2410,241,71,2906
2411,241.1,99,155
2412,241.2,34,2342
2413,241.3,29,2207
2414,241.4,82,683
2415,241.5,96,2928
2416,241.6,15,499
2417,241.7,78,856
2418,241.8,73,2853
2419,241.9,73,689
2420,242,88,2498
2421,242.1,52,1743
2422,242.2,22,2758
2423,242.3,64,894
2424,242.4,30,378
2425,242.5,9,2115
2426,242.6,50,2011
2427,242.7,23,2973
2428,242.8,49,2657
2429,242.9,63,958
2430,243,23,1516
2431,243.1,59,2291
2432,243.2,19,626
2433,243.3,10,2087
2434,243.4,92,776
2435,243.5,14,1441
2436,243.6,69,1317
2437,243.7,13,1966
2438,243.8,61,2312
2439,243.9,38,2448
2440,244,34,675
2441,244.1,14,1079
2442,244.2,42,1362
2443,244.3,20,2141
2444,244.4,40,1333
2445,244.5,25,1343
2446,244.6,77,1410
2447,244.7,79,721
2448,244.8,83,428
2449,244.9,83,2293
2450,245,6,551
2451,245.1,40,1602
2452,245.2,23,1183
2453,245.3,9,1307
2454,245.4,66,187
2455,245.5,53,2339
2456,245.6,12,2971
2457,245.7,69,2285
2458,245.8,27,2626
2459,245.9,25,1753
2460,246,62,2054
2461,246.1,77,1166
2462,246.2,25,561
2463,246.3,93,345
2464,246.4,52,1205
2465,246.5,66,594
2466,246.6,74,2857
2467,246.7,83,2206
2468,246.8,95,1502
2469,246.9,9,2838
2470,247,10,1347
2471,247.1,71,2900
2472,247.2,37,1878
2473,247.3,12,1639
2474,247.4,17,1915
2475,247.5,64,2415
2476,247.6,42,1031
2477,247.7,55,2341
2478,247.8,80,1868
2479,247.9,36,1771
2480,248,88,2173
2481,248.1,78,505
2482,248.2,6,2684
2483,248.3,77,712
2484,248.4,28,802
2485,248.5,80,2048
2486,248.6,69,1694
2487,248.7,20,786
2488,248.8,41,1831
2489,248.9,69,524
2490,249,66,269
2491,249.1,12,1700
2492,249.2,47,1230
2493,249.3,74,929
2494,249.4,41,2074
2495,249.5,42,1088
2496,249.6,8,2334
2497,249.7,34,1093
2498,249.8,21,2741
2499,249.9,65,1318
2500,250,16,2400
2501,250.1,62,2250
2502,250.2,10,1149
2503,250.3,74,457
2504,250.4,82,1360
2505,250.5,36,2389
2506,250.6,62,1540
2507,250.7,94,2673
2508,250.8,21,2168
2509,250.9,92,2032
2510,251,90,2768
2511,251.1,22,1118
2512,251.2,17,1987
2513,251.3,25,254
2514,251.4,47,847
2515,251.5,59,156
2516,251.6,80,2474
2517,251.7,53,1591
2518,251.8,59,2580
2519,251.9,20,1507
2520,252,99,1651
2521,252.1,95,2196
2522,252.2,66,2660
2523,252.3,45,1833
2524,252.4,5,1873
2525,252.5,52,833
2526,252.6,80,684
2527,252.7,35,569
2528,252.8,76,1526
2529,252.9,68,1452
2530,253,88,1523
2531,253.1,8,2911
2532,253.2,68,1457
2533,253.3,90,297
2534,253.4,89,2221
2535,253.5,19,739
2536,253.6,89,2023
2537,253.7,28,2277
2538,253.8,59,1385
2539,253.9,48,1889
2540,254,69,2675
2541,254.1,17,1986
2542,254.2,54,1334
2543,254.3,31,1189
2544,254.4,32,1984
2545,254.5,42,1004
2546,254.6,63,1420
2547,254.7,49,2336
2548,254.8,98,2516
2549,254.9,63,1997
2550,255,93,1144
2551,255.1,54,2613
2552,255.2,18,2238
2553,255.3,67,2003
2554,255.4,30,537
2555,255.5,20,2305
2556,255.6,59,1651
2557,255.7,29,2075
2558,255.8,79,681
2559,255.9,89,2092
2560,256,41,2700
2561,256.1,44,2638
2562,256.2,9,1124
2563,256.3,99,2233
2564,256.4,33,1885
2565,256.5,91,1134
2566,256.6,19,1527
2567,256.7,65,280
2568,256.8,37,1400
2569,256.9,60,2044
2570,257,69,1982
2571,257.1,52,1860
2572,257.2,69,2672
2573,257.3,37,1551
2574,257.4,40,265
2575,257.5,78,2998
2576,257.6,99,1273
2577,257.7,33,2550
2578,257.8,79,701
2579,257.9,9,1496
2580,258,49,961
2581,258.1,74,290
2582,258.2,72,1966
2583,258.3,97,2086
2584,258.4,68,2721
2585,258.5,6,1168
2586,258.6,100,1670
2587,258.7,46,723
2588,258.8,67,248
2589,258.9,68,2797
2590,259,9,1765
2591,259.1,46,2807
2592,259.2,47,1148
2593,259.3,11,1821
2594,259.4,49,2702
2595,259.5,84,2228
2596,259.6,40,2119
2597,259.7,33,2804
2598,259.8,61,1434
2599,259.9,71,834
2600,260,68,853
2601,260.1,60,1731
2602,260.2,89,781
2603,260.3,13,1192
2604,260.4,39,1312
2605,260.5,96,2156
2606,260.6,80,1693
2607,260.7,85,1064
2608,260.8,53,1759
2609,260.9,79,470
2610,261,25,2549
2611,261.1,61,846
2612,261.2,80,497
2613,261.3,41,2645
2614,261.4,34,1858
2615,261.5,34,2641
2616,261.6,95,509
2617,261.7,40,2883
2618,261.8,72,1900
2619,261.9,9,2234
2620,262,44,2734
2621,262.1,19,753
2622,262.2,100,1890
2623,262.3,55,2028
2624,262.4,37,2699
2625,262.5,6,1372
2626,262.6,12,2235
2627,262.7,71,801
2628,262.8,12,504
2629,262.9,57,617
2630,263,42,1015
2631,263.1,38,1118
2632,263.2,57,2619
2633,263.3,59,1505
2634,263.4,79,2313
2635,263.5,50,1560
2636,263.6,21,1468
2637,263.7,8,2055
2638,263.8,71,675
2639,263.9,6,2637
2640,264,42,1347
2641,264.1,90,1255
2642,264.2,51,281
2643,264.3,48,2339
2644,264.4,11,2299
2645,264.5,61,2344
2646,264.6,83,554
2647,264.7,38,423
2648,264.8,14,2075
2649,264.9,11,1802
2650,265,7,803
2651,265.1,70,2197
2652,265.2,12,2052
2653,265.3,45,1416
2654,265.4,76,392
2655,265.5,27,812
2656,265.6,51,1070
